Volume (m3),Surface (m2),Head (m)
6000000000,119000000,178.5
5994000000,118918850.7,178.4432045
5988000000,118837675.6,178.3863703
5982000000,118756474.6,178.3294973
5976000000,118675247.7,178.2725854
5970000000,118593994.8,178.2156345
5964000000,118512715.9,178.1586446
5958000000,118431411,178.1016156
5952000000,118350080.1,178.0445475
5946000000,118268723,177.9874402
5940000000,118187339.9,177.9302935
5934000000,118105930.5,177.8731075
5928000000,118024495,177.8158821
5922000000,117943033.3,177.7586173
5916000000,117861545.2,177.7013128
5910000000,117780030.9,177.6439688
5904000000,117698490.3,177.586585
5898000000,117616923.2,177.5291615
5892000000,117535329.8,177.4716982
5886000000,117453709.9,177.414195
5880000000,117372063.6,177.3566518
5874000000,117290390.7,177.2990686
5868000000,117208691.3,177.2414453
5862000000,117126965.3,177.1837819
5856000000,117045212.7,177.1260782
5850000000,116963433.4,177.0683342
5844000000,116881627.5,177.0105498
5838000000,116799794.8,176.952725
5832000000,116717935.3,176.8948596
5826000000,116636049.1,176.8369537
5820000000,116554136,176.7790071
5814000000,116472196,176.7210198
5808000000,116390229.1,176.6629918
5802000000,116308235.3,176.6049228
5796000000,116226214.5,176.5468129
5790000000,116144166.7,176.488662
5784000000,116062091.8,176.43047
5778000000,115979989.8,176.3722369
5772000000,115897860.7,176.3139625
5766000000,115815704.4,176.2556469
5760000000,115733520.9,176.1972899
5754000000,115651310.2,176.1388914
5748000000,115569072.2,176.0804514
5742000000,115486806.9,176.0219699
5736000000,115404514.2,175.9634467
5730000000,115322194.1,175.9048817
5724000000,115239846.6,175.846275
5718000000,115157471.6,175.7876263
5712000000,115075069.1,175.7289358
5706000000,114992639.1,175.6702032
5700000000,114910181.5,175.6114284
5694000000,114827696.2,175.5526116
5688000000,114745183.3,175.4937524
5682000000,114662642.7,175.434851
5676000000,114580074.4,175.3759071
5670000000,114497478.3,175.3169208
5664000000,114414854.3,175.2578919
5658000000,114332202.6,175.1988203
5652000000,114249522.9,175.1397061
5646000000,114166815.3,175.0805491
5640000000,114084079.7,175.0213493
5634000000,114001316.1,174.9621065
5628000000,113918524.5,174.9028207
5622000000,113835704.8,174.8434918
5616000000,113752856.9,174.7841197
5610000000,113669980.9,174.7247045
5604000000,113587076.7,174.6652458
5598000000,113504144.2,174.6057438
5592000000,113421183.4,174.5461984
5586000000,113338194.3,174.4866093
5580000000,113255176.9,174.4269766
5574000000,113172131,174.3673003
5568000000,113089056.7,174.3075801
5562000000,113005953.9,174.2478161
5556000000,112922822.6,174.1880081
5550000000,112839662.7,174.128156
5544000000,112756474.2,174.0682599
5538000000,112673257,174.0083196
5532000000,112590011.1,173.948335
5526000000,112506736.6,173.8883061
5520000000,112423433.2,173.8282327
5514000000,112340101,173.7681148
5508000000,112256740,173.7079523
5502000000,112173350.1,173.6477452
5496000000,112089931.2,173.5874933
5490000000,112006483.3,173.5271965
5484000000,111923006.5,173.4668548
5478000000,111839500.5,173.4064681
5472000000,111755965.5,173.3460364
5466000000,111672401.3,173.2855594
5460000000,111588807.9,173.2250372
5454000000,111505185.3,173.1644697
5448000000,111421533.4,173.1038567
5442000000,111337852.1,173.0431983
5436000000,111254141.6,172.9824942
5430000000,111170401.6,172.9217445
5424000000,111086632.2,172.860949
5418000000,111002833.2,172.8001077
5412000000,110919004.8,172.7392204
5406000000,110835146.8,172.6782871
5400000000,110751259.1,172.6173077
5394000000,110667341.8,172.5562821
5388000000,110583394.8,172.4952103
5382000000,110499418,172.4340921
5376000000,110415411.5,172.3729274
5370000000,110331375.1,172.3117162
5364000000,110247308.8,172.2504584
5358000000,110163212.6,172.1891539
5352000000,110079086.4,172.1278026
5346000000,109994930.3,172.0664044
5340000000,109910744,172.0049592
5334000000,109826527.7,171.9434669
5328000000,109742281.2,171.8819275
5322000000,109658004.5,171.8203409
5316000000,109573697.6,171.7587069
5310000000,109489360.4,171.6970255
5304000000,109404992.8,171.6352966
5298000000,109320594.9,171.5735201
5292000000,109236166.6,171.5116959
5286000000,109151707.8,171.4498239
5280000000,109067218.6,171.387904
5274000000,108982698.7,171.3259362
5268000000,108898148.3,171.2639203
5262000000,108813567.2,171.2018562
5256000000,108728955.4,171.139744
5250000000,108644312.9,171.0775833
5244000000,108559639.6,171.0153743
5238000000,108474935.4,170.9531167
5232000000,108390200.4,170.8908105
5226000000,108305434.5,170.8284557
5220000000,108220637.6,170.766052
5214000000,108135809.6,170.7035994
5208000000,108050950.6,170.6410978
5202000000,107966060.5,170.5785471
5196000000,107881139.3,170.5159473
5190000000,107796186.8,170.4532981
5184000000,107711203.1,170.3905996
5178000000,107626188,170.3278517
5172000000,107541141.7,170.2650541
5166000000,107456063.9,170.202207
5160000000,107370954.7,170.13931
5154000000,107285813.9,170.0763632
5148000000,107200641.7,170.0133664
5142000000,107115437.8,169.9503196
5136000000,107030202.3,169.8872226
5130000000,106944935.1,169.8240754
5124000000,106859636.2,169.7608779
5118000000,106774305.5,169.6976299
5112000000,106688943,169.6343313
5106000000,106603548.6,169.5709821
5100000000,106518122.2,169.5075822
5094000000,106432663.8,169.4441314
5088000000,106347173.5,169.3806296
5082000000,106261651,169.3170768
5076000000,106176096.4,169.2534729
5070000000,106090509.6,169.1898177
5064000000,106004890.6,169.1261112
5058000000,105919239.3,169.0623532
5052000000,105833555.7,168.9985436
5046000000,105747839.7,168.9346824
5040000000,105662091.2,168.8707695
5034000000,105576310.3,168.8068046
5028000000,105490496.8,168.7427878
5022000000,105404650.8,168.6787189
5016000000,105318772.1,168.6145978
5010000000,105232860.7,168.5504245
5004000000,105146916.5,168.4861987
4998000000,105060939.6,168.4219205
4992000000,104974929.8,168.3575896
4986000000,104888887.1,168.2932061
4980000000,104802811.5,168.2287697
4974000000,104716702.9,168.1642804
4968000000,104630561.2,168.0997381
4962000000,104544386.4,168.0351427
4956000000,104458178.4,167.9704939
4950000000,104371937.3,167.9057919
4944000000,104285662.8,167.8410364
4938000000,104199355,167.7762273
4932000000,104113013.9,167.7113645
4926000000,104026639.3,167.6464479
4920000000,103940231.3,167.5814775
4914000000,103853789.7,167.516453
4908000000,103767314.5,167.4513744
4902000000,103680805.7,167.3862416
4896000000,103594263.2,167.3210544
4890000000,103507687,167.2558128
4884000000,103421076.9,167.1905166
4878000000,103334433,167.1251657
4872000000,103247755.1,167.05976
4866000000,103161043.3,166.9942994
4860000000,103074297.5,166.9287838
4854000000,102987517.5,166.863213
4848000000,102900703.5,166.797587
4842000000,102813855.2,166.7319057
4836000000,102726972.7,166.6661688
4830000000,102640055.9,166.6003764
4824000000,102553104.7,166.5345282
4818000000,102466119.1,166.4686242
4812000000,102379099.1,166.4026643
4806000000,102292044.5,166.3366483
4800000000,102204955.3,166.2705761
4794000000,102117831.4,166.2044476
4788000000,102030672.9,166.1382627
4782000000,101943479.6,166.0720212
4776000000,101856251.5,166.0057231
4770000000,101768988.5,165.9393683
4764000000,101681690.6,165.8729565
4758000000,101594357.7,165.8064877
4752000000,101506989.8,165.7399618
4746000000,101419586.7,165.6733786
4740000000,101332148.5,165.606738
4734000000,101244675.1,165.5400399
4728000000,101157166.3,165.4732842
4722000000,101069622.3,165.4064708
4716000000,100982042.8,165.3395995
4710000000,100894427.9,165.2726701
4704000000,100806777.4,165.2056827
4698000000,100719091.4,165.138637
4692000000,100631369.7,165.071533
4686000000,100543612.3,165.0043704
4680000000,100455819.2,164.9371493
4674000000,100367990.2,164.8698693
4668000000,100280125.4,164.8025305
4662000000,100192224.6,164.7351328
4656000000,100104287.9,164.6676758
4650000000,100016315,164.6001597
4644000000,99928306.06,164.5325841
4638000000,99840260.9,164.464949
4632000000,99752179.5,164.3972543
4626000000,99664061.79,164.3294998
4620000000,99575907.71,164.2616854
4614000000,99487717.19,164.1938109
4608000000,99399490.17,164.1258763
4602000000,99311226.59,164.0578814
4596000000,99222926.4,163.9898261
4590000000,99134589.51,163.9217102
4584000000,99046215.88,163.8535336
4578000000,98957805.43,163.7852962
4572000000,98869358.11,163.7169978
4566000000,98780873.84,163.6486383
4560000000,98692352.58,163.5802175
4554000000,98603794.24,163.5117354
4548000000,98515198.78,163.4431918
4542000000,98426566.11,163.3745866
4536000000,98337896.18,163.3059196
4530000000,98249188.93,163.2371906
4524000000,98160444.29,163.1683997
4518000000,98071662.18,163.0995465
4512000000,97982842.56,163.030631
4506000000,97893985.34,162.961653
4500000000,97805090.47,162.8926124
4494000000,97716157.88,162.823509
4488000000,97627187.51,162.7543428
4482000000,97538179.28,162.6851135
4476000000,97449133.12,162.6158211
4470000000,97360048.98,162.5464653
4464000000,97270926.79,162.4770461
4458000000,97181766.47,162.4075633
4452000000,97092567.96,162.3380167
4446000000,97003331.2,162.2684062
4440000000,96914056.1,162.1987317
4434000000,96824742.62,162.128993
4428000000,96735390.67,162.05919
4422000000,96646000.19,161.9893225
4416000000,96556571.11,161.9193904
4410000000,96467103.36,161.8493935
4404000000,96377596.87,161.7793317
4398000000,96288051.57,161.7092048
4392000000,96198467.39,161.6390128
4386000000,96108844.26,161.5687553
4380000000,96019182.12,161.4984323
4374000000,95929480.89,161.4280437
4368000000,95839740.49,161.3575893
4362000000,95749960.87,161.2870688
4356000000,95660141.94,161.2164823
4350000000,95570283.65,161.1458295
4344000000,95480385.9,161.0751102
4338000000,95390448.64,161.0043244
4332000000,95300471.79,160.9334718
4326000000,95210455.28,160.8625523
4320000000,95120399.04,160.7915658
4314000000,95030302.98,160.7205121
4308000000,94940167.05,160.649391
4302000000,94849991.17,160.5782024
4296000000,94759775.26,160.5069461
4290000000,94669519.25,160.4356219
4284000000,94579223.07,160.3642298
4278000000,94488886.64,160.2927695
4272000000,94398509.89,160.2212409
4266000000,94308092.74,160.1496438
4260000000,94217635.12,160.077978
4254000000,94127136.95,160.0062435
4248000000,94036598.16,159.93444
4242000000,93946018.67,159.8625673
4236000000,93855398.4,159.7906254
4230000000,93764737.29,159.718614
4224000000,93674035.25,159.646533
4218000000,93583292.21,159.5743821
4212000000,93492508.08,159.5021614
4206000000,93401682.8,159.4298704
4200000000,93310816.29,159.3575092
4194000000,93219908.46,159.2850775
4188000000,93128959.24,159.2125752
4182000000,93037968.56,159.1400021
4176000000,92946936.32,159.067358
4170000000,92855862.46,158.9946428
4164000000,92764746.9,158.9218562
4158000000,92673589.55,158.8489982
4152000000,92582390.34,158.7760684
4146000000,92491149.19,158.7030669
4140000000,92399866.01,158.6299933
4134000000,92308540.73,158.5568475
4128000000,92217173.26,158.4836294
4122000000,92125763.53,158.4103387
4116000000,92034311.46,158.3369753
4110000000,91942816.96,158.263539
4104000000,91851279.94,158.1900296
4098000000,91759700.34,158.116447
4092000000,91668078.07,158.0427909
4086000000,91576413.04,157.9690612
4080000000,91484705.17,157.8952578
4074000000,91392954.37,157.8213803
4068000000,91301160.58,157.7474286
4062000000,91209323.69,157.6734026
4056000000,91117443.64,157.5993021
4050000000,91025520.32,157.5251269
4044000000,90933553.67,157.4508767
4038000000,90841543.59,157.3765515
4032000000,90749490,157.3021509
4026000000,90657392.81,157.2276749
4020000000,90565251.94,157.1531233
4014000000,90473067.3,157.0784958
4008000000,90380838.81,157.0037922
4002000000,90288566.38,156.9290124
3996000000,90196249.92,156.8541562
3990000000,90103889.34,156.7792234
3984000000,90011484.56,156.7042138
3978000000,89919035.5,156.6291272
3972000000,89826542.05,156.5539633
3966000000,89734004.14,156.4787221
3960000000,89641421.67,156.4034033
3954000000,89548794.56,156.3280067
3948000000,89456122.71,156.2525321
3942000000,89363406.05,156.1769793
3936000000,89270644.47,156.1013481
3930000000,89177837.88,156.0256384
3924000000,89084986.2,155.9498498
3918000000,88992089.34,155.8739823
3912000000,88899147.2,155.7980355
3906000000,88806159.69,155.7220094
3900000000,88713126.73,155.6459036
3894000000,88620048.21,155.5697181
3888000000,88526924.04,155.4934525
3882000000,88433754.14,155.4171067
3876000000,88340538.41,155.3406805
3870000000,88247276.76,155.2641736
3864000000,88153969.09,155.1875858
3858000000,88060615.3,155.110917
3852000000,87967215.31,155.034167
3846000000,87873769.02,154.9573354
3840000000,87780276.33,154.8804221
3834000000,87686737.15,154.8034269
3828000000,87593151.38,154.7263496
3822000000,87499518.92,154.6491899
3816000000,87405839.69,154.5719477
3810000000,87312113.57,154.4946227
3804000000,87218340.49,154.4172146
3798000000,87124520.32,154.3397234
3792000000,87030652.99,154.2621487
3786000000,86936738.39,154.1844903
3780000000,86842776.42,154.106748
3774000000,86748766.98,154.0289216
3768000000,86654709.97,153.9510109
3762000000,86560605.3,153.8730156
3756000000,86466452.86,153.7949356
3750000000,86372252.55,153.7167704
3744000000,86278004.27,153.6385201
3738000000,86183707.92,153.5601843
3732000000,86089363.41,153.4817627
3726000000,85994970.61,153.4032552
3720000000,85900529.44,153.3246616
3714000000,85806039.8,153.2459815
3708000000,85711501.56,153.1672148
3702000000,85616914.65,153.0883612
3696000000,85522278.94,153.0094205
3690000000,85427594.34,152.9303925
3684000000,85332860.74,152.8512768
3678000000,85238078.03,152.7720734
3672000000,85143246.11,152.6927818
3666000000,85048364.88,152.613402
3660000000,84953434.22,152.5339335
3654000000,84858454.04,152.4543763
3648000000,84763424.21,152.3747301
3642000000,84668344.65,152.2949945
3636000000,84573215.23,152.2151694
3630000000,84478035.84,152.1352545
3624000000,84382806.39,152.0552496
3618000000,84287526.76,151.9751544
3612000000,84192196.84,151.8949686
3606000000,84096816.52,151.8146921
3600000000,84001385.7,151.7343245
3594000000,83905904.25,151.6538656
3588000000,83810372.07,151.5733151
3582000000,83714789.04,151.4926728
3576000000,83619155.06,151.4119385
3570000000,83523470.01,151.3311118
3564000000,83427733.78,151.2501925
3558000000,83331946.25,151.1691804
3552000000,83236107.31,151.0880751
3546000000,83140216.85,151.0068765
3540000000,83044274.75,150.9255842
3534000000,82948280.89,150.844198
3528000000,82852235.16,150.7627176
3522000000,82756137.45,150.6811427
3516000000,82659987.63,150.5994731
3510000000,82563785.59,150.5177085
3504000000,82467531.21,150.4358487
3498000000,82371224.38,150.3538933
3492000000,82274864.97,150.2718421
3486000000,82178452.87,150.1896948
3480000000,82081987.95,150.1074511
3474000000,81985470.1,150.0251107
3468000000,81888899.19,149.9426735
3462000000,81792275.11,149.860139
3456000000,81695597.73,149.777507
3450000000,81598866.93,149.6947772
3444000000,81502082.59,149.6119493
3438000000,81405244.58,149.5290231
3432000000,81308352.79,149.4459983
3426000000,81211407.08,149.3628745
3420000000,81114407.34,149.2796514
3414000000,81017353.43,149.1963289
3408000000,80920245.24,149.1129065
3402000000,80823082.63,149.029384
3396000000,80725865.49,148.9457612
3390000000,80628593.68,148.8620376
3384000000,80531267.07,148.778213
3378000000,80433885.54,148.6942871
3372000000,80336448.96,148.6102596
3366000000,80238957.2,148.5261301
3360000000,80141410.13,148.4418985
3354000000,80043807.62,148.3575643
3348000000,79946149.54,148.2731273
3342000000,79848435.75,148.1885872
3336000000,79750666.14,148.1039436
3330000000,79652840.55,148.0191962
3324000000,79554958.87,147.9343448
3318000000,79457020.95,147.8493889
3312000000,79359026.66,147.7643284
3306000000,79260975.88,147.6791628
3300000000,79162868.45,147.5938918
3294000000,79064704.26,147.5085152
3288000000,78966483.15,147.4230325
3282000000,78868205,147.3374436
3276000000,78769869.66,147.251748
3270000000,78671477.01,147.1659454
3264000000,78573026.89,147.0800355
3258000000,78474519.17,146.9940179
3252000000,78375953.72,146.9078924
3246000000,78277330.38,146.8216586
3240000000,78178649.02,146.7353161
3234000000,78079909.5,146.6488646
3228000000,77981111.68,146.5623038
3222000000,77882255.4,146.4756333
3216000000,77783340.54,146.3888529
3210000000,77684366.94,146.301962
3204000000,77585334.46,146.2149605
3198000000,77486242.95,146.1278479
3192000000,77387092.27,146.0406239
3186000000,77287882.28,145.9532882
3180000000,77188612.81,145.8658403
3174000000,77089283.74,145.77828
3168000000,76989894.9,145.6906069
3162000000,76890446.15,145.6028206
3156000000,76790937.34,145.5149207
3150000000,76691368.31,145.426907
3144000000,76591738.93,145.3387789
3138000000,76492049.03,145.2505363
3132000000,76392298.46,145.1621786
3126000000,76292487.07,145.0737056
3120000000,76192614.7,144.9851168
3114000000,76092681.21,144.8964119
3108000000,75992686.43,144.8075905
3102000000,75892630.21,144.7186522
3096000000,75792512.39,144.6295966
3090000000,75692332.82,144.5404235
3084000000,75592091.33,144.4511323
3078000000,75491787.78,144.3617227
3072000000,75391421.99,144.2721943
3066000000,75290993.81,144.1825467
3060000000,75190503.07,144.0927795
3054000000,75089949.63,144.0028924
3048000000,74989333.3,143.9128849
3042000000,74888653.94,143.8227566
3036000000,74787911.37,143.7325071
3030000000,74687105.43,143.6421361
3024000000,74586235.96,143.5516431
3018000000,74485302.79,143.4610278
3012000000,74384305.75,143.3702896
3006000000,74283244.68,143.2794283
3000000000,74182119.4,143.1884433
2994000000,74080929.75,143.0973343
2988000000,73979675.56,143.0061008
2982000000,73878356.65,142.9147425
2976000000,73776972.86,142.8232589
2970000000,73675524.01,142.7316496
2964000000,73574009.92,142.6399141
2958000000,73472430.44,142.548052
2952000000,73370785.37,142.456063
2946000000,73269074.54,142.3639465
2940000000,73167297.78,142.2717021
2934000000,73065454.92,142.1793295
2928000000,72963545.76,142.086828
2922000000,72861570.13,141.9941974
2916000000,72759527.86,141.9014371
2910000000,72657418.76,141.8085468
2904000000,72555242.65,141.7155259
2898000000,72452999.35,141.622374
2892000000,72350688.67,141.5290906
2886000000,72248310.43,141.4356753
2880000000,72145864.44,141.3421277
2874000000,72043350.52,141.2484472
2868000000,71940768.48,141.1546334
2862000000,71838118.14,141.0606859
2856000000,71735399.3,140.9666041
2850000000,71632611.78,140.8723876
2844000000,71529755.38,140.7780359
2838000000,71426829.91,140.6835485
2832000000,71323835.18,140.588925
2826000000,71220771,140.4941648
2820000000,71117637.17,140.3992675
2814000000,71014433.49,140.3042326
2808000000,70911159.78,140.2090595
2802000000,70807815.83,140.1137479
2796000000,70704401.44,140.0182971
2790000000,70600916.42,139.9227068
2784000000,70497360.57,139.8269763
2778000000,70393733.67,139.7311052
2772000000,70290035.54,139.635093
2766000000,70186265.97,139.5389391
2760000000,70082424.75,139.4426431
2754000000,69978511.67,139.3462044
2748000000,69874526.54,139.2496224
2742000000,69770469.15,139.1528968
2736000000,69666339.28,139.0560269
2730000000,69562136.72,138.9590122
2724000000,69457861.28,138.8618521
2718000000,69353512.72,138.7645462
2712000000,69249090.85,138.667094
2706000000,69144595.44,138.5694947
2700000000,69040026.29,138.471748
2694000000,68935383.17,138.3738532
2688000000,68830665.87,138.2758098
2682000000,68725874.17,138.1776172
2676000000,68621007.85,138.0792749
2670000000,68516066.69,137.9807824
2664000000,68411050.47,137.882139
2658000000,68305958.97,137.7833441
2652000000,68200791.96,137.6843973
2646000000,68095549.21,137.5852978
2640000000,67990230.5,137.4860453
2634000000,67884835.61,137.3866389
2628000000,67779364.3,137.2870783
2622000000,67673816.34,137.1873627
2616000000,67568191.51,137.0874916
2610000000,67462489.56,136.9874643
2604000000,67356710.27,136.8872804
2598000000,67250853.4,136.7869391
2592000000,67144918.71,136.6864399
2586000000,67038905.98,136.5857821
2580000000,66932814.95,136.4849651
2574000000,66826645.38,136.3839883
2568000000,66720397.05,136.2828512
2562000000,66614069.69,136.1815529
2556000000,66507663.08,136.080093
2550000000,66401176.97,135.9784707
2544000000,66294611.1,135.8766855
2538000000,66187965.23,135.7747366
2532000000,66081239.11,135.6726235
2526000000,65974432.49,135.5703455
2520000000,65867545.11,135.4679019
2514000000,65760576.74,135.365292
2508000000,65653527.1,135.2625153
2502000000,65546395.94,135.1595709
2496000000,65439183.01,135.0564583
2490000000,65331888.04,134.9531768
2484000000,65224510.78,134.8497257
2478000000,65117050.96,134.7461042
2472000000,65009508.32,134.6423117
2466000000,64901882.6,134.5383476
2460000000,64794173.52,134.434211
2454000000,64686380.82,134.3299013
2448000000,64578504.23,134.2254178
2442000000,64470543.49,134.1207598
2436000000,64362498.3,134.0159265
2430000000,64254368.41,133.9109172
2424000000,64146153.53,133.8057313
2418000000,64037853.4,133.7003678
2412000000,63929467.72,133.5948262
2406000000,63820996.22,133.4891056
2400000000,63712438.62,133.3832054
2394000000,63603794.63,133.2771247
2388000000,63495063.97,133.1708628
2382000000,63386246.35,133.064419
2376000000,63277341.48,132.9577924
2370000000,63168349.07,132.8509823
2364000000,63059268.83,132.7439879
2358000000,62950100.47,132.6368084
2352000000,62840843.68,132.5294431
2346000000,62731498.17,132.4218911
2340000000,62622063.65,132.3141516
2334000000,62512539.81,132.2062238
2328000000,62402926.34,132.098107
2322000000,62293222.95,131.9898002
2316000000,62183429.33,131.8813027
2310000000,62073545.17,131.7726136
2304000000,61963570.15,131.6637322
2298000000,61853503.98,131.5546574
2292000000,61743346.32,131.4453886
2286000000,61633096.88,131.3359249
2280000000,61522755.32,131.2262653
2274000000,61412321.33,131.116409
2268000000,61301794.59,131.0063552
2262000000,61191174.78,130.896103
2256000000,61080461.56,130.7856515
2250000000,60969654.62,130.6749998
2244000000,60858753.62,130.5641469
2238000000,60747758.23,130.4530921
2232000000,60636668.11,130.3418343
2226000000,60525482.94,130.2303727
2220000000,60414202.37,130.1187064
2214000000,60302826.06,130.0068344
2208000000,60191353.67,129.8947557
2202000000,60079784.86,129.7824695
2196000000,59968119.28,129.6699748
2190000000,59856356.58,129.5572706
2184000000,59744496.41,129.444356
2178000000,59632538.42,129.3312299
2172000000,59520482.25,129.2178915
2166000000,59408327.54,129.1043396
2160000000,59296073.94,128.9905734
2154000000,59183721.08,128.8765919
2148000000,59071268.6,128.7623939
2142000000,58958716.13,128.6479786
2136000000,58846063.29,128.5333448
2130000000,58733309.73,128.4184916
2124000000,58620455.06,128.3034179
2118000000,58507498.92,128.1881227
2112000000,58394440.91,128.0726049
2106000000,58281280.65,127.9568634
2100000000,58168017.78,127.8408972
2094000000,58054651.88,127.7247052
2088000000,57941182.59,127.6082863
2082000000,57827609.5,127.4916394
2076000000,57713932.22,127.3747634
2070000000,57600150.36,127.2576572
2064000000,57486263.51,127.1403197
2058000000,57372271.28,127.0227497
2052000000,57258173.24,126.9049461
2046000000,57143969.01,126.7869078
2040000000,57029658.17,126.6686335
2034000000,56915240.3,126.5501222
2028000000,56800714.99,126.4313727
2022000000,56686081.81,126.3123837
2016000000,56571340.36,126.1931541
2010000000,56456490.19,126.0736827
2004000000,56341530.89,125.9539682
1998000000,56226462.02,125.8340095
1992000000,56111283.16,125.7138052
1986000000,55995993.85,125.5933542
1980000000,55880593.66,125.4726553
1974000000,55765082.16,125.351707
1968000000,55649458.88,125.2305083
1962000000,55533723.39,125.1090577
1956000000,55417875.23,124.987354
1950000000,55301913.94,124.8653959
1944000000,55185839.07,124.743182
1938000000,55069650.16,124.6207112
1932000000,54953346.73,124.4979819
1926000000,54836928.32,124.3749928
1920000000,54720394.45,124.2517427
1914000000,54603744.66,124.1282301
1908000000,54486978.46,124.0044536
1902000000,54370095.36,123.8804119
1896000000,54253094.89,123.7561035
1890000000,54135976.55,123.631527
1884000000,54018739.85,123.506681
1878000000,53901384.29,123.3815641
1872000000,53783909.37,123.2561747
1866000000,53666314.58,123.1305115
1860000000,53548599.43,123.004573
1854000000,53430763.39,122.8783575
1848000000,53312805.95,122.7518638
1842000000,53194726.59,122.6250901
1836000000,53076524.78,122.498035
1830000000,52958200.01,122.370697
1824000000,52839751.73,122.2430745
1818000000,52721179.41,122.1151659
1812000000,52602482.52,121.9869696
1806000000,52483660.5,121.8584841
1800000000,52364712.8,121.7297076
1794000000,52245638.89,121.6006387
1788000000,52126438.19,121.4712755
1782000000,52007110.16,121.3416166
1776000000,51887654.21,121.2116602
1770000000,51768069.79,121.0814045
1764000000,51648356.32,120.950848
1758000000,51528513.21,120.8199889
1752000000,51408539.89,120.6888254
1746000000,51288435.77,120.5573558
1740000000,51168200.26,120.4255784
1734000000,51047832.75,120.2934913
1728000000,50927332.65,120.1610927
1722000000,50806699.34,120.0283809
1716000000,50685932.22,119.895354
1710000000,50565030.67,119.7620101
1704000000,50443994.07,119.6283474
1698000000,50322821.79,119.4943639
1692000000,50201513.19,119.3600579
1686000000,50080067.64,119.2254273
1680000000,49958484.5,119.0904702
1674000000,49836763.12,118.9551847
1668000000,49714902.84,118.8195688
1662000000,49592903.01,118.6836205
1656000000,49470762.96,118.5473377
1650000000,49348482.02,118.4107184
1644000000,49226059.51,118.2737606
1638000000,49103494.76,118.1364622
1632000000,48980787.08,117.9988211
1626000000,48857935.77,117.8608352
1620000000,48734940.14,117.7225023
1614000000,48611799.47,117.5838203
1608000000,48488513.07,117.444787
1602000000,48365080.21,117.3054002
1596000000,48241500.16,117.1656577
1590000000,48117772.2,117.0255571
1584000000,47993895.6,116.8850964
1578000000,47869869.6,116.7442731
1572000000,47745693.46,116.6030849
1566000000,47621366.43,116.4615295
1560000000,47496887.74,116.3196046
1554000000,47372256.62,116.1773077
1548000000,47247472.3,116.0346365
1542000000,47122533.99,115.8915884
1536000000,46997440.91,115.7481611
1530000000,46872192.24,115.604352
1524000000,46746787.2,115.4601586
1518000000,46621224.97,115.3155785
1512000000,46495504.72,115.1706089
1506000000,46369625.64,115.0252473
1500000000,46243586.88,114.8794911
1494000000,46117387.61,114.7333377
1488000000,45991026.97,114.5867843
1482000000,45864504.11,114.4398283
1476000000,45737818.16,114.2924669
1470000000,45610968.24,114.1446973
1464000000,45483953.47,113.9965167
1458000000,45356772.97,113.8479223
1452000000,45229425.83,113.6989113
1446000000,45101911.14,113.5494807
1440000000,44974227.99,113.3996277
1434000000,44846375.44,113.2493492
1428000000,44718352.57,113.0986423
1422000000,44590158.44,112.9475039
1416000000,44461792.08,112.795931
1410000000,44333252.54,112.6439205
1404000000,44204538.84,112.4914693
1398000000,44075650,112.3385741
1392000000,43946585.03,112.1852319
1386000000,43817342.94,112.0314393
1380000000,43687922.69,111.8771931
1374000000,43558323.29,111.7224899
1368000000,43428543.69,111.5673265
1362000000,43298582.85,111.4116994
1356000000,43168439.71,111.2556052
1350000000,43038113.22,111.0990403
1344000000,42907602.3,110.9420014
1338000000,42776905.86,110.7844848
1332000000,42646022.81,110.626487
1326000000,42514952.04,110.4680042
1320000000,42383692.42,110.3090329
1314000000,42252242.82,110.1495692
1308000000,42120602.1,109.9896094
1302000000,41988769.11,109.8291497
1296000000,41856742.67,109.6681862
1290000000,41724521.6,109.506715
1284000000,41592104.71,109.3447321
1278000000,41459490.79,109.1822335
1272000000,41326678.62,109.0192151
1266000000,41193666.97,108.8556729
1260000000,41060454.59,108.6916025
1254000000,40927040.22,108.5269999
1248000000,40793422.58,108.3618607
1242000000,40659600.39,108.1961806
1236000000,40525572.34,108.0299551
1230000000,40391337.11,107.86318
1224000000,40256893.38,107.6958505
1218000000,40122239.78,107.5279623
1212000000,39987374.96,107.3595106
1206000000,39852297.54,107.1904908
1200000000,39717006.13,107.0208981
1194000000,39581499.3,106.8507277
1188000000,39445775.64,106.6799747
1182000000,39309833.7,106.5086342
1176000000,39173672.01,106.3367012
1170000000,39037289.1,106.1641705
1164000000,38900683.47,105.9910371
1158000000,38763853.61,105.8172957
1152000000,38626797.98,105.642941
1146000000,38489515.04,105.4679677
1140000000,38352003.2,105.2923703
1134000000,38214260.89,105.1161433
1128000000,38076286.49,104.939281
1122000000,37938078.38,104.7617779
1116000000,37799634.91,104.5836282
1110000000,37660954.4,104.404826
1104000000,37522035.17,104.2253653
1098000000,37382875.5,104.0452403
1092000000,37243473.67,103.8644447
1086000000,37103827.91,103.6829724
1080000000,36963936.45,103.5008171
1074000000,36823797.48,103.3179724
1068000000,36683409.19,103.1344318
1062000000,36542769.72,102.9501889
1056000000,36401877.21,102.7652369
1050000000,36260729.75,102.579569
1044000000,36119325.42,102.3931784
1038000000,35977662.28,102.2060581
1032000000,35835738.35,102.018201
1026000000,35693551.63,101.8295999
1020000000,35551100.1,101.6402476
1014000000,35408381.69,101.4501364
1008000000,35265394.33,101.2592591
1002000000,35122135.9,101.0676078
996000000,34978604.26,100.8751747
990000000,34834797.24,100.6819521
984000000,34690712.63,100.4879317
978000000,34546348.21,100.2931055
972000000,34401701.71,100.0974652
966000000,34256770.83,99.90100228
960000000,34111553.24,99.70370817
954000000,33966046.57,99.50557415
948000000,33820248.43,99.30659135
942000000,33674156.38,99.10675074
936000000,33527767.95,98.90604314
930000000,33381080.64,98.70445921
924000000,33234091.9,98.50198946
918000000,33086799.15,98.29862422
912000000,32939199.77,98.09435366
906000000,32791291.08,97.88916777
900000000,32643070.4,97.68305636
894000000,32494534.98,97.47600908
888000000,32345682.02,97.26801536
882000000,32196508.7,97.05906447
876000000,32047012.14,96.84914546
870000000,31897189.42,96.6382472
864000000,31747037.57,96.42635834
858000000,31596553.58,96.21346733
852000000,31445734.38,95.99956238
846000000,31294576.85,95.78463151
840000000,31143077.83,95.56866249
834000000,30991234.1,95.35164287
828000000,30839042.39,95.13355994
822000000,30686499.37,94.91440076
816000000,30533601.64,94.69415214
810000000,30380345.79,94.47280062
804000000,30226728.29,94.25033248
798000000,30072745.59,94.02673372
792000000,29918394.07,93.80199005
786000000,29763670.03,93.57608691
780000000,29608569.73,93.34900944
774000000,29453089.34,93.12074245
768000000,29297224.98,92.89127046
762000000,29140972.69,92.66057765
756000000,28984328.43,92.42864788
750000000,28827288.1,92.19546466
744000000,28669847.52,91.96101114
738000000,28512002.42,91.72527012
732000000,28353748.47,91.48822401
726000000,28195081.24,91.24985486
720000000,28035996.22,91.01014428
714000000,27876488.82,90.76907352
708000000,27716554.36,90.52662336
702000000,27556188.05,90.28277418
696000000,27395385.03,90.03750589
690000000,27234140.32,89.79079795
684000000,27072448.85,89.54262933
678000000,26910305.45,89.2929785
672000000,26747704.85,89.04182346
666000000,26584641.65,88.78914162
660000000,26421110.35,88.53490991
654000000,26257105.33,88.27910464
648000000,26092620.86,88.02170159
642000000,25927651.07,87.7626759
636000000,25762189.98,87.50200211
630000000,25596231.47,87.23965411
624000000,25429769.29,86.97560511
618000000,25262797.03,86.70982767
612000000,25095308.16,86.44229359
606000000,24927296,86.17297396
600000000,24758753.7,85.9018391
594000000,24589674.27,85.62885851
588000000,24420050.54,85.3540009
582000000,24249875.18,85.07723411
576000000,24079140.67,84.79852508
570000000,23907839.34,84.51783985
564000000,23735963.29,84.2351435
558000000,23563504.45,83.95040009
552000000,23390454.56,83.66357267
546000000,23216805.13,83.37462322
540000000,23042547.45,83.08351257
534000000,22867672.61,82.79020043
528000000,22692171.44,82.49464525
522000000,22516034.55,82.19680424
516000000,22339252.28,81.89663331
510000000,22161814.73,81.59408697
504000000,21983711.71,81.2891183
498000000,21804932.75,80.9816789
492000000,21625467.12,80.6717188
486000000,21445303.73,80.35918641
480000000,21264431.22,80.0440284
474000000,21082837.88,79.72618971
468000000,20900511.64,79.40561336
462000000,20717440.12,79.08224046
456000000,20533610.5,78.75601005
450000000,20349009.63,78.42685901
444000000,20163623.91,78.09472201
438000000,19977439.34,77.75953132
432000000,19790441.45,77.42121673
426000000,19602615.32,77.07970545
420000000,19413945.53,76.73492191
414000000,19224416.18,76.38678767
408000000,19034010.78,76.03522126
402000000,18842712.33,75.68013797
396000000,18650503.2,75.32144974
390000000,18457365.17,74.95906493
384000000,18263279.34,74.59288812
378000000,18068226.15,74.22281991
372000000,17872185.31,73.84875668
366000000,17675135.75,73.47059033
360000000,17477055.62,73.08820803
354000000,17277922.23,72.70149191
348000000,17077711.96,72.31031877
342000000,16876400.28,71.91455972
336000000,16673961.64,71.51407982
330000000,16470369.43,71.10873769
324000000,16265595.93,70.69838508
318000000,16059612.21,70.28286639
312000000,15852388.08,69.86201818
306000000,15643891.99,69.43566859
300000000,15434090.95,69.00363678
294000000,15222950.46,68.5657322
288000000,15010434.36,68.12175393
282000000,14796504.73,67.67148988
276000000,14581121.79,67.21471585
270000000,14364243.75,66.75119465
264000000,14145826.65,66.28067499
258000000,13925824.2,65.80289032
252000000,13704187.62,65.31755753
246000000,13480865.41,64.8243755
240000000,13255803.16,64.32302348
234000000,13028943.28,63.81315931
228000000,12800224.76,63.29441738
222000000,12569582.83,62.76640641
216000000,12336948.66,62.22870686
210000000,12102248.95,61.68086806
204000000,11865405.55,61.122405
198000000,11626334.92,60.55279454
192000000,11384947.64,59.97147126
186000000,11141147.77,59.37782259
180000000,10894832.16,58.7711832
174000000,10645889.64,58.15082861
168000000,10394200.11,57.51596771
162000000,10139633.44,56.86573402
156000000,9882048.28,56.1991755
150000000,9621290.572,55.51524248
144000000,9357191.88,54.8127734
138000000,9089567.377,54.09047774
132000000,8818213.459,53.3469155
126000000,8542904.893,52.58047238
120000000,8263391.366,51.78932941
114000000,7979393.289,50.97142563
108000000,7690596.625,50.12441147
102000000,7396646.481,49.2455903
96000000,7097139.034,48.3318439
90000000,6791611.262,47.37953635
84000000,6479527.678,46.38438824
78000000,6160262.903,45.34130927
72000000,5833078.364,44.24417118
66000000,5497090.451,43.08549326
60000000,5151225.924,41.85599574
54000000,4794157.623,40.54394707
48000000,4424208.531,39.13417718
42000000,4039202.487,37.60652335
36000000,3636219.46,35.93325762
30000000,3211166.862,34.07455268
24000000,2757959.374,31.96981649
18000000,2266743.413,29.5192151
12000000,1719254.383,26.53755469
6000000,1071747.344,22.60639758
0,0,0